[
  {
    "id": 1,
    "image": "/assets/img/banner/banner-48.png",
    "title": "Male Kids",
    "subtitle": "Starting at",
    "price": "$99.00",
    "link": "/shopdetails"
  },
  {
    "id": 2,
    "image": "/assets/img/banner/banner-49.png",
    "title": "Female kids",
    "subtitle": "Starting at",
    "price": "$79.00",
    "link": "/shopdetails"
  },
  {
    "id": 3,
    "image": "/assets/img/banner/banner-50.png",
    "title": "Featured",
    "subtitle": "Starting at",
    "price": "$29.00",
    "link": "/shopdetails"
  }
]
