[
  {
    "id": 1,
    "image": "/assets/img/banner/banner-13.png",
    "title": "Peepal",
    "subtitle": "Starting at",
    "price": "$99.00",
    "link": "/shopdetails"
  },
  {
    "id": 2,
    "image": "/assets/img/banner/banner-14.png",
    "title": "Banyan",
    "subtitle": "Starting at",
    "price": "$79.00",
    "link": "/shopdetails"
  },
  {
    "id": 3,
    "image": "/assets/img/banner/banner-15.png",
    "title": "Aloe Vera",
    "subtitle": "Starting at",
    "price": "$29.00",
    "link": "/shopdetails"
  }
]
