[
  {
    "id": 1,
    "image": "/assets/img/banner/banner29.jpg",
    "title": "Dog Food",
    "subtitle": "Starting at",
    "price": "$99.00",
    "link": "/shopdetails"
  },
  {
    "id": 2,
    "image": "/assets/img/banner/banner30.jpg",
    "title": "Fish Food",
    "subtitle": "Starting at",
    "price": "$79.00",
    "link": "/shopdetails"
  },
  {
    "id": 3,
    "image": "/assets/img/banner/banner31.jpg",
    "title": "Cat Food",
    "subtitle": "Starting at",
    "price": "$29.00",
    "link": "/shopdetails"
  }
]
