[
  {
    "id": 1,
    "image": "/assets/img/banner/banner21.jpg",
    "title": "New Arrivals",
    "subtitle": "Choose your products here",
    "link": "/shopdetails"
  },
  {
    "id": 2,
    "image": "/assets/img/banner/banner22.jpg",
    "title": "Featured Products",
    "subtitle": "Choose your products here",
    "link": "/shopdetails"
  },
  {
    "id": 3,
    "image": "/assets/img/banner/banner23.jpg",
    "title": "Best Seller",
    "subtitle": "Choose your products here",
    "link": "/shopdetails"
  }
]
