[
  {
    "id": 1,
    "image": "/assets/img/banner/banner-38.png",
    "title": "Historical",
    "subtitle": "Starting at",
    "price": "$99.00",
    "link": "/shopdetails"
  },
  {
    "id": 2,
    "image": "/assets/img/banner/banner-39.png",
    "title": "Magazine",
    "subtitle": "Starting at",
    "price": "$79.00",
    "link": "/shopdetails"
  },
  {
    "id": 3,
    "image": "/assets/img/banner/banner-36.jpg",
    "title": "Bestseller",
    "subtitle": "Starting at",
    "price": "$29.00",
    "link": "/shopdetails"
  }
]
