[
  {
    "id": 1,
    "image": "/assets/img/banner/banner-4.png",
    "title": "Watches",
    "subtitle": "Starting at",
    "price": "$99.00",
    "link": "/shopdetails"
  },
  {
    "id": 2,
    "image": "/assets/img/banner/banner-5.png",
    "title": "Plo Bag",
    "subtitle": "Starting at",
    "price": "$79.00",
    "link": "/shopdetails"
  },
  {
    "id": 3,
    "image": "/assets/img/banner/banner-6.png",
    "title": "Sunglass",
    "subtitle": "Starting at",
    "price": "$29.00",
    "link": "/shopdetails"
  },
  {
    "id": 4,
    "image": "/assets/img/banner/banner-7.png",
    "title": "Sun Hat",
    "subtitle": "Starting at",
    "price": "$12.00",
    "link": "/shopdetails"
  }
]
