[
  {
    "id": 1,
    "image": "/assets/img/banner/banner6.jpg",
    "title": "Headphones",
    "subtitle": "Choose Your Products Here",
    "link": "/shopdetails"
  },
  {
    "id": 2,
    "image": "/assets/img/banner/banner7.jpg",
    "title": "Accessories",
    "subtitle": "Choose Your Products Here",
    "link": "/shopdetails"
  },
  {
    "id": 3,
    "image": "/assets/img/banner/banner8.jpg",
    "title": "Robotics",
    "subtitle": "Choose Your Products Here",
    "link": "/shopdetails"
  }
]
