[
  {
    "id": "1",
    "title": "2020 Fashion For Womens",
    "subtitle": "-20% Spring <br /> Snickers",
    "image": "/assets/img/slider/hm-11-2.png",
    "url": "/shopdetails"
  },
  {
    "id": "2",
    "title": "2020 Fashion For Womens",
    "subtitle": "-30% Spring <br /> Shoes",
    "image": "/assets/img/slider/single-slide-2.png",
    "url": "/shopdetails"
  },
  {
    "id": "3",
    "title": "2020 Fashion For Womens",
    "subtitle": "-40% Spring <br /> Shoes",
    "image": "/assets/img/slider/single-slide-7.png",
    "url": "/shopdetails"
  }
]
