[
  {
    "id": "1",
    "image": "/assets/img/image-slider/image-slider-1.jpg",
    "link": "/shopdetails"
  },
  {
    "id": "2",
    "image": "/assets/img/image-slider/image-slider-2.jpg",
    "link": "/shopdetails"
  },
  {
    "id": "3",
    "image": "/assets/img/image-slider/image-slider-3.jpg",
    "link": "/shopdetails"
  },
  {
    "id": "4",
    "image": "/assets/img/image-slider/image-slider-4.jpg",
    "link": "/shopdetails"
  },
  {
    "id": "5",
    "image": "/assets/img/image-slider/image-slider-5.jpg",
    "link": "/shopdetails"
  },
  {
    "id": "6",
    "image": "/assets/img/image-slider/image-slider-2.jpg",
    "link": "/shopdetails"
  }
]
